Workbook

Sheet M1-M5
B2: MÉTRICAS DE LA INSPECCIÓN FAGAN — M1 a M5
B3: ERS/SRS MundiPets v3.0 · PE4 Unidad IV. Todos los valores se calculan desde las hojas Datos, Parametros y M5 Esfuerzo.
B5: M1 — Densidad de defectos
B6: Indicador | C6: Valor | D6: Unidad
B7: Defectos únicos | C7: =COUNTA(Datos!$A$5:$A$31) -> 27
B8: Páginas efectivas | C8: =Parametros!$C$6 -> 52
B9: Densidad | C9: =COUNTA(Datos!$A$5:$A$31)/Parametros!$C$6 -> 0.51923077 | D9: defectos/página
B11: M2 — Distribución por tipo de defecto
B12: Propiedad (ISO 29148 §5.2) | C12: Defectos | D12: % del total
B13: Consistencia | C13: =COUNTIF(Datos!$B$5:$B$31,"Consistencia") -> 12 | D13: =COUNTIF(Datos!$B$5:$B$31,"Consistencia")/COUNTA(Datos!$A$5:$A$31) -> 0.44444444
B14: Ambigüedad | C14: =COUNTIF(Datos!$B$5:$B$31,"Ambigüedad") -> 4 | D14: =COUNTIF(Datos!$B$5:$B$31,"Ambigüedad")/COUNTA(Datos!$A$5:$A$31) -> 0.14814815
B15: Completitud | C15: =COUNTIF(Datos!$B$5:$B$31,"Completitud") -> 4 | D15: =COUNTIF(Datos!$B$5:$B$31,"Completitud")/COUNTA(Datos!$A$5:$A$31) -> 0.14814815
B16: Verificabilidad | C16: =COUNTIF(Datos!$B$5:$B$31,"Verificabilidad") -> 3 | D16: =COUNTIF(Datos!$B$5:$B$31,"Verificabilidad")/COUNTA(Datos!$A$5:$A$31) -> 0.11111111
B17: Trazabilidad | C17: =COUNTIF(Datos!$B$5:$B$31,"Trazabilidad") -> 2 | D17: =COUNTIF(Datos!$B$5:$B$31,"Trazabilidad")/COUNTA(Datos!$A$5:$A$31) -> 0.074074074
B18: Factibilidad | C18: =COUNTIF(Datos!$B$5:$B$31,"Factibilidad") -> 2 | D18: =COUNTIF(Datos!$B$5:$B$31,"Factibilidad")/COUNTA(Datos!$A$5:$A$31) -> 0.074074074
B20: M3 — Distribución por severidad
B21: Severidad | C21: Defectos | D21: % del total
B22: Crítico | C22: =COUNTIF(Datos!$C$5:$C$31,"Crítico") -> 5 | D22: =COUNTIF(Datos!$C$5:$C$31,"Crítico")/COUNTA(Datos!$A$5:$A$31) -> 0.18518519
B23: Mayor | C23: =COUNTIF(Datos!$C$5:$C$31,"Mayor") -> 13 | D23: =COUNTIF(Datos!$C$5:$C$31,"Mayor")/COUNTA(Datos!$A$5:$A$31) -> 0.48148148
B24: Menor | C24: =COUNTIF(Datos!$C$5:$C$31,"Menor") -> 9 | D24: =COUNTIF(Datos!$C$5:$C$31,"Menor")/COUNTA(Datos!$A$5:$A$31) -> 0.33333333
B25: Críticos + mayores (retrabajo obligatorio) | C25: =COUNTIF(Datos!$C$5:$C$31,"Crítico")+COUNTIF(Datos!$C$5:$C$31,"Mayor") -> 18 | D25: =(COUNTIF(Datos!$C$5:$C$31,"Crítico")+COUNTIF(Datos!$C$5:$C$31,"Mayor"))/COUNTA(Datos!$A$5:$A$31) -> 0.66666667
B27: M4 — Tasa de detección por inspectora
B28: Inspectora | C28: Reportados | D28: Únicos | E28: Tasa detección | F28: Precisión
B29: Nieves Jimmy | C29: =Parametros!$C$8 -> 17 | D29: =COUNTIF(Datos!$D$5:$D$31,"Nieves") -> 14 | E29: =COUNTIF(Datos!$D$5:$D$31,"Nieves")/COUNTA(Datos!$A$5:$A$31) -> 0.51851852 | F29: =COUNTIF(Datos!$D$5:$D$31,"Nieves")/Parametros!$C$8 -> 0.82352941
B30: Gutiérrez Génesis | C30: =Parametros!$C$7 -> 16 | D30: =COUNTIF(Datos!$D$5:$D$31,"Gutiérrez") -> 13 | E30: =COUNTIF(Datos!$D$5:$D$31,"Gutiérrez")/COUNTA(Datos!$A$5:$A$31) -> 0.48148148 | F30: =COUNTIF(Datos!$D$5:$D$31,"Gutiérrez")/Parametros!$C$7 -> 0.8125
B31: TOTAL | C31: =Parametros!$C$7+Parametros!$C$8 -> 33 | D31: =COUNTA(Datos!$A$5:$A$31) -> 27 | E31: 1 | F31: =COUNTA(Datos!$A$5:$A$31)/(Parametros!$C$7+Parametros!$C$8) -> 0.81818182
B32: Duplicados descartados | C32: =Parametros!$C$7+Parametros!$C$8-COUNTA(Datos!$A$5:$A$31) -> 6
B34: M5 — Esfuerzo y eficiencia
B35: Indicador | C35: Valor | D35: Unidad
B36: Esfuerzo total | C36: ='M5 Esfuerzo'!$E$11 -> 20 | D36: horas-persona
B37: Eficiencia | C37: =COUNTA(Datos!$A$5:$A$31)/'M5 Esfuerzo'!$E$11 -> 1.35 | D37: defectos/hora-persona
B38: Coste unitario | C38: ='M5 Esfuerzo'!$E$11/COUNTA(Datos!$A$5:$A$31) -> 0.74074074 | D38: horas-persona por defecto

Sheet Datos
A1: DATOS BASE — copia reducida del Anexo B
A2: Si cambia un defecto en el Anexo B, actualizar esta hoja: las cinco métricas se recalculan solas.
A4: N.º | B4: Tipo primario | C4: Severidad | D4: Detectado por | E4: Vía
A5: D-01 | B5: Consistencia | C5: Mayor | D5: Gutiérrez | E5: Retrabajo
A6: D-02 | B6: Consistencia | C6: Menor | D6: Gutiérrez | E6: Retrabajo
A7: D-03 | B7: Consistencia | C7: Mayor | D7: Gutiérrez | E7: Retrabajo
A8: D-04 | B8: Consistencia | C8: Mayor | D8: Gutiérrez | E8: Retrabajo
A9: D-05 | B9: Trazabilidad | C9: Menor | D9: Gutiérrez | E9: Diferido
A10: D-06 | B10: Consistencia | C10: Menor | D10: Gutiérrez | E10: Retrabajo
A11: D-07 | B11: Consistencia | C11: Crítico | D11: Gutiérrez | E11: RFC-01
A12: D-08 | B12: Consistencia | C12: Mayor | D12: Gutiérrez | E12: Retrabajo
A13: D-09 | B13: Consistencia | C13: Mayor | D13: Gutiérrez | E13: Retrabajo
A14: D-10 | B14: Consistencia | C14: Mayor | D14: Gutiérrez | E14: Retrabajo
A15: D-11 | B15: Consistencia | C15: Crítico | D15: Gutiérrez | E15: Retrabajo
... A31: D-27 | B31: Completitud | C31: Menor | D31: Nieves | E31: Diferido

Sheet Parametros
B2: PARÁMETROS DE LA INSPECCIÓN
B3: Celdas amarillas = entrada manual. Todo lo demás se calcula.
B5: Parámetro | C5: Valor | D5: Origen
B6: Páginas efectivas inspeccionadas | C6: 52 | D6: Bloques B1 a B4 del ERS v3.0 (Tabla 5 del informe)
B7: Defectos reportados — Gutiérrez | C7: 16 | D7: Según su checklist del Anexo A
B8: Defectos reportados — Nieves | C8: 17 | D8: Según su checklist del Anexo A
B9: Duración de la reunión (min) | C9: 90 | D9: Límite establecido: 90
B10: Nº de inspectoras | C10: 2 | D10: Equipo de dos personas, dos roles cada una

Sheet M5 Esfuerzo
B2: M5 — ESFUERZO DE LA INSPECCIÓN
B4: Fase | C4: Duración (h) | D4: Personas | E4: Horas-persona
B5: Planificación y visión general (alcance, roles y perspectivas) | C5: 0.25 | D5: 2 | E5: =C5*D5 -> 0.5
B6: Preparación individual | C6: 4 | D6: 2 | E6: =C6*D6 -> 8
B7: Reunión de inspección | C7: 1.5 | D7: 2 | E7: =C7*D7 -> 3
B8: Consolidación del Anexo B y cálculo de métricas | C8: 1.5 | D8: 2 | E8: =C8*D8 -> 3
B9: Retrabajo (corrección de 22 defectos) | C9: 4.5 | D9: 1 | E9: =C9*D9 -> 4.5
B10: Seguimiento y verificación de cierre | C10: 0.5 | D10: 2 | E10: =C10*D10 -> 1
B11: TOTAL | E11: =SUM(E5:E10) -> 20
